Workbook
Name MEMBER_LIST: Settings!$A$5:$A$100

Sheet Settings
A1: プロジェクト基本情報
A2: プロジェクト開始日 | B2: 2026/05/01
A3: メンバーリスト
A4: メンバー名 | B4: 役割 | C4: チームリーダー
A5: Aさん | B5: リーダー | C5: Aさん
A6: Bさん | B6: メンバー | C6: Aさん
A7: Cさん | B7: メンバー | C7: Aさん
A8: Dさん | B8: リーダー | C8: Dさん
A9: Eさん | B9: メンバー | C9: Dさん
A10: Fさん | B10: メンバー | C10: Dさん

Sheet WBS_EVM
D1: 作成 | P1: レビュー実施 | AB1: レビュー後修正
A2: No | B2: 機能ID | C2: 機能名称 | D2: 担当メンバー | E2: チームリーダー | F2: 開始日予定 | G2: 終了日予定 | H2: 工数予定 | I2: 開始日実績 | J2: 終了日実績 | K2: 工数実績 | L2: 進捗率(%) | M2: PV (計画値) | N2: EV (出来高) | O2: AC (実績コスト) | P2: 担当メンバー | Q2: チームリーダー | R2: 開始日予定 | S2: 終了日予定 | T2: 工数予定 | U2: 開始日実績 | V2: 終了日実績 | W2: 工数実績 | X2: 進捗率(%) | Y2: PV (計画値) | Z2: EV (出来高) | AA2: AC (実績コスト) | AB2: 担当メンバー | AC2: チームリーダー | AD2: 開始日予定 | AE2: 終了日予定 | AF2: 工数予定 | AG2: 開始日実績 | AH2: 終了日実績 | AI2: 工数実績 | AJ2: 進捗率(%) | AK2: PV (計画値) | AL2: EV (出来高) | AM2: AC (実績コスト)
M3: =IF(TODAY()<F3, 0, IF(TODAY()>G3, H3, H3 * (TODAY()-F3)/(G3-F3+1))) | N3: =H3 * (L3/100) | O3: =K3 | Y3: =IF(TODAY()<R3, 0, IF(TODAY()>S3, T3, T3 * (TODAY()-R3)/(S3-R3+1))) | Z3: =T3 * (X3/100) | AA3: =W3 | AK3: =IF(TODAY()<AD3, 0, IF(TODAY()>AE3, AF3, AF3 * (TODAY()-AD3)/(AE3-AD3+1))) | AL3: =AF3 * (AJ3/100) | AM3: =AI3
M4: =IF(TODAY()<F4, 0, IF(TODAY()>G4, H4, H4 * (TODAY()-F4)/(G4-F4+1))) | N4: =H4 * (L4/100) | O4: =K4 | Y4: =IF(TODAY()<R4, 0, IF(TODAY()>S4, T4, T4 * (TODAY()-R4)/(S4-R4+1))) | Z4: =T4 * (X4/100) | AA4: =W4 | AK4: =IF(TODAY()<AD4, 0, IF(TODAY()>AE4, AF4, AF4 * (TODAY()-AD4)/(AE4-AD4+1))) | AL4: =AF4 * (AJ4/100) | AM4: =AI4
M5: =IF(TODAY()<F5, 0, IF(TODAY()>G5, H5, H5 * (TODAY()-F5)/(G5-F5+1))) | N5: =H5 * (L5/100) | O5: =K5 | Y5: =IF(TODAY()<R5, 0, IF(TODAY()>S5, T5, T5 * (TODAY()-R5)/(S5-R5+1))) | Z5: =T5 * (X5/100) | AA5: =W5 | AK5: =IF(TODAY()<AD5, 0, IF(TODAY()>AE5, AF5, AF5 * (TODAY()-AD5)/(AE5-AD5+1))) | AL5: =AF5 * (AJ5/100) | AM5: =AI5
M6: =IF(TODAY()<F6, 0, IF(TODAY()>G6, H6, H6 * (TODAY()-F6)/(G6-F6+1))) | N6: =H6 * (L6/100) | O6: =K6 | Y6: =IF(TODAY()<R6, 0, IF(TODAY()>S6, T6, T6 * (TODAY()-R6)/(S6-R6+1))) | Z6: =T6 * (X6/100) | AA6: =W6 | AK6: =IF(TODAY()<AD6, 0, IF(TODAY()>AE6, AF6, AF6 * (TODAY()-AD6)/(AE6-AD6+1))) | AL6: =AF6 * (AJ6/100) | AM6: =AI6
M7: =IF(TODAY()<F7, 0, IF(TODAY()>G7, H7, H7 * (TODAY()-F7)/(G7-F7+1))) | N7: =H7 * (L7/100) | O7: =K7 | Y7: =IF(TODAY()<R7, 0, IF(TODAY()>S7, T7, T7 * (TODAY()-R7)/(S7-R7+1))) | Z7: =T7 * (X7/100) | AA7: =W7 | AK7: =IF(TODAY()<AD7, 0, IF(TODAY()>AE7, AF7, AF7 * (TODAY()-AD7)/(AE7-AD7+1))) | AL7: =AF7 * (AJ7/100) | AM7: =AI7
M8: =IF(TODAY()<F8, 0, IF(TODAY()>G8, H8, H8 * (TODAY()-F8)/(G8-F8+1))) | N8: =H8 * (L8/100) | O8: =K8 | Y8: =IF(TODAY()<R8, 0, IF(TODAY()>S8, T8, T8 * (TODAY()-R8)/(S8-R8+1))) | Z8: =T8 * (X8/100) | AA8: =W8 | AK8: =IF(TODAY()<AD8, 0, IF(TODAY()>AE8, AF8, AF8 * (TODAY()-AD8)/(AE8-AD8+1))) | AL8: =AF8 * (AJ8/100) | AM8: =AI8
M9: =IF(TODAY()<F9, 0, IF(TODAY()>G9, H9, H9 * (TODAY()-F9)/(G9-F9+1))) | N9: =H9 * (L9/100) | O9: =K9 | Y9: =IF(TODAY()<R9, 0, IF(TODAY()>S9, T9, T9 * (TODAY()-R9)/(S9-R9+1))) | Z9: =T9 * (X9/100) | AA9: =W9 | AK9: =IF(TODAY()<AD9, 0, IF(TODAY()>AE9, AF9, AF9 * (TODAY()-AD9)/(AE9-AD9+1))) | AL9: =AF9 * (AJ9/100) | AM9: =AI9
M10: =IF(TODAY()<F10, 0, IF(TODAY()>G10, H10, H10 * (TODAY()-F10)/(G10-F10+1))) | N10: =H10 * (L10/100) | O10: =K10 | Y10: =IF(TODAY()<R10, 0, IF(TODAY()>S10, T10, T10 * (TODAY()-R10)/(S10-R10+1))) | Z10: =T10 * (X10/100) | AA10: =W10 | AK10: =IF(TODAY()<AD10, 0, IF(TODAY()>AE10, AF10, AF10 * (TODAY()-AD10)/(AE10-AD10+1))) | AL10: =AF10 * (AJ10/100) | AM10: =AI10
M11: =IF(TODAY()<F11, 0, IF(TODAY()>G11, H11, H11 * (TODAY()-F11)/(G11-F11+1))) | N11: =H11 * (L11/100) | O11: =K11 | Y11: =IF(TODAY()<R11, 0, IF(TODAY()>S11, T11, T11 * (TODAY()-R11)/(S11-R11+1))) | Z11: =T11 * (X11/100) | AA11: =W11 | AK11: =IF(TODAY()<AD11, 0, IF(TODAY()>AE11, AF11, AF11 * (TODAY()-AD11)/(AE11-AD11+1))) | AL11: =AF11 * (AJ11/100) | AM11: =AI11
M12: =IF(TODAY()<F12, 0, IF(TODAY()>G12, H12, H12 * (TODAY()-F12)/(G12-F12+1))) | N12: =H12 * (L12/100) | O12: =K12 | Y12: =IF(TODAY()<R12, 0, IF(TODAY()>S12, T12, T12 * (TODAY()-R12)/(S12-R12+1))) | Z12: =T12 * (X12/100) | AA12: =W12 | AK12: =IF(TODAY()<AD12, 0, IF(TODAY()>AE12, AF12, AF12 * (TODAY()-AD12)/(AE12-AD12+1))) | AL12: =AF12 * (AJ12/100) | AM12: =AI12
M13: =IF(TODAY()<F13, 0, IF(TODAY()>G13, H13, H13 * (TODAY()-F13)/(G13-F13+1))) | N13: =H13 * (L13/100) | O13: =K13 | Y13: =IF(TODAY()<R13, 0, IF(TODAY()>S13, T13, T13 * (TODAY()-R13)/(S13-R13+1))) | Z13: =T13 * (X13/100) | AA13: =W13 | AK13: =IF(TODAY()<AD13, 0, IF(TODAY()>AE13, AF13, AF13 * (TODAY()-AD13)/(AE13-AD13+1))) | AL13: =AF13 * (AJ13/100) | AM13: =AI13
M14: =IF(TODAY()<F14, 0, IF(TODAY()>G14, H14, H14 * (TODAY()-F14)/(G14-F14+1))) | N14: =H14 * (L14/100) | O14: =K14 | Y14: =IF(TODAY()<R14, 0, IF(TODAY()>S14, T14, T14 * (TODAY()-R14)/(S14-R14+1))) | Z14: =T14 * (X14/100) | AA14: =W14 | AK14: =IF(TODAY()<AD14, 0, IF(TODAY()>AE14, AF14, AF14 * (TODAY()-AD14)/(AE14-AD14+1))) | AL14: =AF14 * (AJ14/100) | AM14: =AI14
... M102: =IF(TODAY()<F102, 0, IF(TODAY()>G102, H102, H102 * (TODAY()-F102)/(G102-F102+1))) | N102: =H102 * (L102/100) | O102: =K102 | Y102: =IF(TODAY()<R102, 0, IF(TODAY()>S102, T102, T102 * (TODAY()-R102)/(S102-R102+1))) | Z102: =T102 * (X102/100) | AA102: =W102 | AK102: =IF(TODAY()<AD102, 0, IF(TODAY()>AE102, AF102, AF102 * (TODAY()-AD102)/(AE102-AD102+1))) | AL102: =AF102 * (AJ102/100) | AM102: =AI102

Sheet チームEVM
A1: Aさんチーム
A2: EVM指標集計
A3: フェーズ | B3: PV (計画値) | C3: EV (出来高) | D3: AC (実績コスト) | E3: SV | F3: CV | G3: SPI | H3: CPI
A4: 作成 | B4: =SUMIFS(WBS_EVM!M:M, WBS_EVM!$E:$E, "Aさん") | C4: =SUMIFS(WBS_EVM!N:N, WBS_EVM!$E:$E, "Aさん") | D4: =SUMIFS(WBS_EVM!O:O, WBS_EVM!$E:$E, "Aさん") | E4: =C4-B4 | F4: =C4-D4 | G4: =IFERROR(C4/B4, 1) | H4: =IFERROR(C4/D4, 1)
A5: レビュー実施 | B5: =SUMIFS(WBS_EVM!Y:Y, WBS_EVM!$Q:$Q, "Aさん") | C5: =SUMIFS(WBS_EVM!Z:Z, WBS_EVM!$Q:$Q, "Aさん") | D5: =SUMIFS(WBS_EVM!AA:AA, WBS_EVM!$Q:$Q, "Aさん") | E5: =C5-B5 | F5: =C5-D5 | G5: =IFERROR(C5/B5, 1) | H5: =IFERROR(C5/D5, 1)
A6: レビュー後修正 | B6: =SUMIFS(WBS_EVM!AK:AK, WBS_EVM!$AC:$AC, "Aさん") | C6: =SUMIFS(WBS_EVM!AL:AL, WBS_EVM!$AC:$AC, "Aさん") | D6: =SUMIFS(WBS_EVM!AM:AM, WBS_EVM!$AC:$AC, "Aさん") | E6: =C6-B6 | F6: =C6-D6 | G6: =IFERROR(C6/B6, 1) | H6: =IFERROR(C6/D6, 1)
A8: タスクメトリクス
A9: フェーズ | B9: 総数 | C9: 仕掛かり(予定) | D9: 仕掛かり(実績) | E9: 完了(予定) | F9: 完了(実績)
A10: 作成 | B10: =COUNTIFS(WBS_EVM!$E:$E, "Aさん", WBS_EVM!$H:$H, ">0") | F10: =COUNTIFS(WBS_EVM!$E:$E, "Aさん", WBS_EVM!$K:$K, "<>")
A11: レビュー実施 | B11: =COUNTIFS(WBS_EVM!$Q:$Q, "Aさん", WBS_EVM!$T:$T, ">0") | F11: =COUNTIFS(WBS_EVM!$Q:$Q, "Aさん", WBS_EVM!$W:$W, "<>")
A12: レビュー後修正 | B12: =COUNTIFS(WBS_EVM!$AC:$AC, "Aさん", WBS_EVM!$AF:$AF, ">0") | F12: =COUNTIFS(WBS_EVM!$AC:$AC, "Aさん", WBS_EVM!$AI:$AI, "<>")
A15: Dさんチーム
A16: EVM指標集計
A17: フェーズ | B17: PV (計画値) | C17: EV (出来高) | D17: AC (実績コスト) | E17: SV | F17: CV | G17: SPI | H17: CPI
A18: 作成 | B18: =SUMIFS(WBS_EVM!M:M, WBS_EVM!$E:$E, "Dさん") | C18: =SUMIFS(WBS_EVM!N:N, WBS_EVM!$E:$E, "Dさん") | D18: =SUMIFS(WBS_EVM!O:O, WBS_EVM!$E:$E, "Dさん") | E18: =C18-B18 | F18: =C18-D18 | G18: =IFERROR(C18/B18, 1) | H18: =IFERROR(C18/D18, 1)
A19: レビュー実施 | B19: =SUMIFS(WBS_EVM!Y:Y, WBS_EVM!$Q:$Q, "Dさん") | C19: =SUMIFS(WBS_EVM!Z:Z, WBS_EVM!$Q:$Q, "Dさん") | D19: =SUMIFS(WBS_EVM!AA:AA, WBS_EVM!$Q:$Q, "Dさん") | E19: =C19-B19 | F19: =C19-D19 | G19: =IFERROR(C19/B19, 1) | H19: =IFERROR(C19/D19, 1)
A20: レビュー後修正 | B20: =SUMIFS(WBS_EVM!AK:AK, WBS_EVM!$AC:$AC, "Dさん") | C20: =SUMIFS(WBS_EVM!AL:AL, WBS_EVM!$AC:$AC, "Dさん") | D20: =SUMIFS(WBS_EVM!AM:AM, WBS_EVM!$AC:$AC, "Dさん") | E20: =C20-B20 | F20: =C20-D20 | G20: =IFERROR(C20/B20, 1) | H20: =IFERROR(C20/D20, 1)
A22: タスクメトリクス
A23: フェーズ | B23: 総数 | C23: 仕掛かり(予定) | D23: 仕掛かり(実績) | E23: 完了(予定) | F23: 完了(実績)
A24: 作成 | B24: =COUNTIFS(WBS_EVM!$E:$E, "Dさん", WBS_EVM!$H:$H, ">0") | F24: =COUNTIFS(WBS_EVM!$E:$E, "Dさん", WBS_EVM!$K:$K, "<>")
A25: レビュー実施 | B25: =COUNTIFS(WBS_EVM!$Q:$Q, "Dさん", WBS_EVM!$T:$T, ">0") | F25: =COUNTIFS(WBS_EVM!$Q:$Q, "Dさん", WBS_EVM!$W:$W, "<>")
A26: レビュー後修正 | B26: =COUNTIFS(WBS_EVM!$AC:$AC, "Dさん", WBS_EVM!$AF:$AF, ">0") | F26: =COUNTIFS(WBS_EVM!$AC:$AC, "Dさん", WBS_EVM!$AI:$AI, "<>")

Sheet 個人SV
A1: No | B1: メンバー | C1: 前日 | D1: 当日 | E1: 日付
E2: 5月3日(日) | F2: 5月4日(月) | G2: 5月5日(火)
A3: 1 | B3: Aさん
A4: 2 | B4: Bさん
A5: 3 | B5: Cさん
A6: 4 | B6: Dさん
A7: 5 | B7: Eさん
A8: 6 | B8: Fさん
